n,family,seed,method,optimum,raw_feasible_fraction,raw_best_feasible_gap,rounded_best_gap,rounded_mean_gap,rounded_optimal_fraction,refined_best_gap,refined_mean_gap,random_topk_best_gap,optimize_seconds
12,random,16000,native,18.0,1.0,0.0,0.0,0.0,1.0,0.0,0.0,1.0,0.048804541991557926
12,random,16000,clique,18.0,0.0,,0.0,0.0,1.0,0.0,0.0,1.0,0.11109629197744653
12,random,16000,detached_cut,18.0,0.375,3.0,1.0,4.5625,0.0,0.0,0.3125,1.0,0.03904066595714539
12,random,16001,native,19.0,0.0,,0.0,0.0,1.0,0.0,0.0,1.0,0.04896204202668741
12,random,16001,clique,19.0,1.0,0.0,0.0,0.0,1.0,0.0,0.0,1.0,0.10981154203182086
12,random,16001,detached_cut,19.0,0.3125,1.0,1.0,3.5,0.0,0.0,0.21875,1.0,0.036988999985624105
12,random,16002,native,18.0,1.0,0.0,0.0,0.03125,0.96875,0.0,0.0,1.0,0.04750683397287503
12,random,16002,clique,18.0,0.84375,0.0,0.0,0.40625,0.75,0.0,0.03125,1.0,0.11030850000679493
12,random,16002,detached_cut,18.0,0.46875,2.0,1.0,4.375,0.0,0.0,0.40625,1.0,0.038059874961618334
12,random,16003,native,17.0,1.0,0.0,0.0,0.0,1.0,0.0,0.0,2.0,0.04898975003743544
12,random,16003,clique,17.0,0.0,,0.0,0.0,1.0,0.0,0.0,2.0,0.11075925000477582
12,random,16003,detached_cut,17.0,0.3125,2.0,2.0,5.4375,0.0,0.0,0.125,2.0,0.03766291699139401
12,random,16004,native,19.0,0.9375,0.0,0.0,0.0,1.0,0.0,0.0,1.0,0.047089750005397946
12,random,16004,clique,19.0,0.78125,1.0,0.0,0.96875,0.03125,0.0,0.0,1.0,0.11142970900982618
12,random,16004,detached_cut,19.0,0.21875,2.0,1.0,3.625,0.0,0.0,0.375,1.0,0.037305041041690856
12,random,16005,native,19.0,0.9375,0.0,0.0,0.84375,0.15625,0.0,0.0,0.0,0.04718416603282094
12,random,16005,clique,19.0,0.8125,2.0,2.0,2.0,0.0,0.0,0.0,0.0,0.11206220899475738
12,random,16005,detached_cut,19.0,0.375,0.0,0.0,3.5625,0.03125,0.0,0.65625,0.0,0.0375154169742018
12,random,16006,native,18.0,1.0,0.0,0.0,0.0,1.0,0.0,0.0,2.0,0.04741020902292803
12,random,16006,clique,18.0,0.0,,0.0,0.0,1.0,0.0,0.0,2.0,0.1101992919575423
12,random,16006,detached_cut,18.0,0.21875,4.0,2.0,4.6875,0.0,0.0,0.1875,2.0,0.03803975001210347
12,random,16007,native,19.0,1.0,0.0,0.0,0.0,1.0,0.0,0.0,1.0,0.049290375027339906
12,random,16007,clique,19.0,0.0,,0.0,0.0,1.0,0.0,0.0,1.0,0.10967049997998402
12,random,16007,detached_cut,19.0,0.28125,2.0,1.0,3.28125,0.0,0.0,0.03125,1.0,0.03790429199580103
12,random,16008,native,18.0,1.0,0.0,0.0,0.0,1.0,0.0,0.0,3.0,0.049092624976765364
12,random,16008,clique,18.0,0.875,0.0,0.0,0.25,0.8125,0.0,0.125,3.0,0.11122166598215699
12,random,16008,detached_cut,18.0,0.3125,3.0,3.0,4.71875,0.0,0.0,0.78125,3.0,0.037160040985327214
12,random,16009,native,19.0,0.96875,0.0,0.0,0.0,1.0,0.0,0.0,1.0,0.047358957992400974
12,random,16009,clique,19.0,0.0,,1.0,1.0,0.0,0.0,0.0,1.0,0.11117583402665332
12,random,16009,detached_cut,19.0,0.1875,1.0,1.0,3.4375,0.0,0.0,0.21875,1.0,0.036918707948643714
12,planted,116000,native,6.0,1.0,0.0,0.0,0.0,1.0,0.0,0.0,15.0,0.047869417001493275
12,planted,116000,clique,6.0,1.0,0.0,0.0,0.0,1.0,0.0,0.0,15.0,0.1116767090279609
12,planted,116000,detached_cut,6.0,0.1875,14.0,10.0,16.78125,0.0,0.0,0.0,15.0,0.03722341702086851
12,planted,116001,native,8.0,1.0,0.0,0.0,0.0,1.0,0.0,0.0,11.0,0.048168040986638516
12,planted,116001,clique,8.0,1.0,0.0,0.0,0.0,1.0,0.0,0.0,11.0,0.11025854101171717
12,planted,116001,detached_cut,8.0,0.375,11.0,10.0,14.8125,0.0,0.0,0.0,11.0,0.03730345796793699
12,planted,116002,native,4.0,1.0,0.0,0.0,0.0,1.0,0.0,0.0,13.0,0.049495041952468455
12,planted,116002,clique,4.0,1.0,0.0,0.0,0.0,1.0,0.0,0.0,13.0,0.11377279204316437
12,planted,116002,detached_cut,4.0,0.15625,18.0,13.0,18.625,0.0,0.0,0.0,13.0,0.03775750001659617
12,planted,116003,native,5.0,1.0,0.0,0.0,0.0,1.0,0.0,0.0,15.0,0.0492024160339497
12,planted,116003,clique,5.0,1.0,0.0,0.0,0.0,1.0,0.0,0.0,15.0,0.11093058402184397
12,planted,116003,detached_cut,5.0,0.3125,14.0,14.0,18.15625,0.0,0.0,0.0,15.0,0.03832483303267509
12,planted,116004,native,5.0,1.0,0.0,0.0,0.0,1.0,0.0,0.0,0.0,0.049386082973796874
12,planted,116004,clique,5.0,1.0,0.0,0.0,0.0,1.0,0.0,0.0,0.0,0.11098741699242964
12,planted,116004,detached_cut,5.0,0.28125,13.0,0.0,17.28125,0.03125,0.0,0.0,0.0,0.0384573339833878
12,planted,116005,native,4.0,1.0,0.0,0.0,0.0,1.0,0.0,0.0,0.0,0.04920016700634733
12,planted,116005,clique,4.0,1.0,0.0,0.0,0.0,1.0,0.0,0.0,0.0,0.1120979999541305
12,planted,116005,detached_cut,4.0,0.125,0.0,0.0,17.0625,0.0625,0.0,0.0,0.0,0.03884200000902638
12,planted,116006,native,3.0,1.0,0.0,0.0,0.0,1.0,0.0,0.0,13.0,0.04949462501099333
12,planted,116006,clique,3.0,1.0,0.0,0.0,0.0,1.0,0.0,0.0,13.0,0.1103514590067789
12,planted,116006,detached_cut,3.0,0.375,13.0,13.0,19.53125,0.0,0.0,0.0,13.0,0.03737675002776086
12,planted,116007,native,4.0,1.0,0.0,0.0,0.0,1.0,0.0,0.0,9.0,0.047865415981505066
12,planted,116007,clique,4.0,1.0,0.0,0.0,0.0,1.0,0.0,0.0,9.0,0.11165783402975649
12,planted,116007,detached_cut,4.0,0.34375,18.0,12.0,18.71875,0.0,0.0,0.0,9.0,0.03707529202802107
12,planted,116008,native,1.0,1.0,0.0,0.0,0.0,1.0,0.0,0.0,19.0,0.04769941599806771
12,planted,116008,clique,1.0,1.0,0.0,0.0,0.0,1.0,0.0,0.0,19.0,0.11219266598345712
12,planted,116008,detached_cut,1.0,0.59375,19.0,19.0,22.1875,0.0,0.0,0.0,19.0,0.037612957996316254
12,planted,116009,native,2.0,1.0,0.0,0.0,0.0,1.0,0.0,0.0,13.0,0.047941582975909114
12,planted,116009,clique,2.0,1.0,0.0,0.0,0.0,1.0,0.0,0.0,13.0,0.11100874998373911
12,planted,116009,detached_cut,2.0,0.46875,17.0,15.0,20.375,0.0,0.0,0.0,13.0,0.03811408398905769
16,random,20000,native,24.0,0.3125,0.0,0.0,0.71875,0.28125,0.0,0.09375,1.0,0.05147708399454132
16,random,20000,clique,24.0,0.9375,0.0,0.0,0.625,0.375,0.0,0.59375,1.0,0.11523433297406882
16,random,20000,detached_cut,24.0,0.15625,1.0,1.0,5.28125,0.0,0.0,0.65625,1.0,0.0393566659768112
16,random,20001,native,23.0,0.0,,0.0,0.0,1.0,0.0,0.0,5.0,0.05186191602842882
16,random,20001,clique,23.0,1.0,0.0,0.0,0.0,1.0,0.0,0.0,5.0,0.12029666698072106
16,random,20001,detached_cut,23.0,0.375,5.0,5.0,6.6875,0.0,0.0,0.3125,5.0,0.039449416974093765
16,random,20002,native,25.0,0.53125,0.0,0.0,0.21875,0.78125,0.0,0.0625,0.0,0.05135416699340567
16,random,20002,clique,25.0,0.84375,0.0,0.0,0.28125,0.71875,0.0,0.25,0.0,0.11649220803519711
16,random,20002,detached_cut,25.0,0.34375,1.0,0.0,4.3125,0.03125,0.0,0.125,0.0,0.04019087500637397
16,random,20003,native,22.0,0.9375,1.0,1.0,1.0,0.0,0.0,0.15625,3.0,0.0522208750480786
16,random,20003,clique,22.0,0.28125,1.0,1.0,1.1875,0.0,0.0,0.0625,3.0,0.11720295797567815
16,random,20003,detached_cut,22.0,0.34375,3.0,3.0,6.96875,0.0,0.0,1.21875,3.0,0.038558625034056604
16,random,20004,native,22.0,0.65625,0.0,0.0,0.0,1.0,0.0,0.0,6.0,0.04974204098107293
16,random,20004,clique,22.0,0.96875,0.0,0.0,0.0,1.0,0.0,0.0,6.0,0.11674024997046217
16,random,20004,detached_cut,22.0,0.21875,6.0,6.0,7.6875,0.0,0.0,0.5625,6.0,0.038854083977639675
16,random,20005,native,23.0,1.0,0.0,0.0,0.0,1.0,0.0,0.0,3.0,0.049707415979355574
16,random,20005,clique,23.0,1.0,0.0,0.0,0.1875,0.9375,0.0,0.125,3.0,0.11781408300157636
16,random,20005,detached_cut,23.0,0.25,3.0,3.0,6.28125,0.0,0.0,1.03125,3.0,0.03891279100207612
16,random,20006,native,23.0,0.0,,0.0,0.0,1.0,0.0,0.0,3.0,0.05097854201449081
16,random,20006,clique,23.0,1.0,1.0,1.0,1.0,0.0,0.0,0.0,3.0,0.11605962499743327
16,random,20006,detached_cut,23.0,0.3125,3.0,3.0,6.625,0.0,0.0,0.59375,3.0,0.039540458004921675
16,random,20007,native,24.0,0.84375,0.0,0.0,0.25,0.78125,0.0,0.0,3.0,0.05166125000687316
16,random,20007,clique,24.0,0.0625,0.0,0.0,1.90625,0.03125,0.0,0.0,3.0,0.1153027499676682
16,random,20007,detached_cut,24.0,0.3125,3.0,3.0,5.40625,0.0,0.0,0.5625,3.0,0.03932124999118969
16,random,20008,native,23.0,1.0,0.0,0.0,0.0,1.0,0.0,0.0,4.0,0.050792833033483475
16,random,20008,clique,23.0,0.1875,0.0,0.0,0.0,1.0,0.0,0.0,4.0,0.11678629199741408
16,random,20008,detached_cut,23.0,0.375,4.0,4.0,6.96875,0.0,0.0,0.5625,4.0,0.03983095899457112
16,random,20009,native,24.0,0.0,,0.0,0.0,1.0,0.0,0.0,2.0,0.051789832999929786
16,random,20009,clique,24.0,0.0,,1.0,1.0,0.0,0.0,0.0,2.0,0.11731787497410551
16,random,20009,detached_cut,24.0,0.46875,3.0,3.0,5.59375,0.0,0.0,0.71875,2.0,0.037850875000003725
16,planted,120000,native,0.0,1.0,0.0,0.0,0.0,1.0,0.0,0.0,23.0,0.050588208017870784
16,planted,120000,clique,0.0,1.0,0.0,0.0,0.0,1.0,0.0,0.0,23.0,0.11832562502240762
16,planted,120000,detached_cut,0.0,0.28125,23.0,23.0,29.5,0.0,0.0,0.0,23.0,0.038063791987951845
16,planted,120001,native,6.0,1.0,0.0,0.0,0.0,1.0,0.0,0.0,21.0,0.04959029197925702
16,planted,120001,clique,6.0,1.0,0.0,0.0,0.0,1.0,0.0,0.0,21.0,0.1244600000209175
16,planted,120001,detached_cut,6.0,0.34375,24.0,19.0,24.15625,0.0,0.0,0.0,21.0,0.03938466601539403
16,planted,120002,native,3.0,1.0,0.0,0.0,0.0,1.0,0.0,0.0,18.0,0.051484957977663726
16,planted,120002,clique,3.0,1.0,0.0,0.0,0.0,1.0,0.0,0.0,18.0,0.11546275002183393
16,planted,120002,detached_cut,3.0,0.375,18.0,18.0,26.46875,0.0,0.0,0.0,18.0,0.03874854097375646
16,planted,120003,native,2.0,1.0,0.0,0.0,0.0,1.0,0.0,0.0,18.0,0.04990449995966628
16,planted,120003,clique,2.0,1.0,0.0,0.0,0.0,1.0,0.0,0.0,18.0,0.11740295903291553
16,planted,120003,detached_cut,2.0,0.375,21.0,21.0,27.34375,0.0,0.0,0.0,18.0,0.039177500002551824
16,planted,120004,native,6.0,1.0,0.0,0.0,0.0,1.0,0.0,0.0,14.0,0.04991687502479181
16,planted,120004,clique,6.0,1.0,0.0,0.0,0.0,1.0,0.0,0.0,14.0,0.11694220796925947
16,planted,120004,detached_cut,6.0,0.25,14.0,14.0,23.3125,0.0,0.0,0.0,14.0,0.038558041967917234
16,planted,120005,native,4.0,1.0,0.0,0.0,0.0,1.0,0.0,0.0,11.0,0.05043495801510289
16,planted,120005,clique,4.0,1.0,0.0,0.0,0.0,1.0,0.0,0.0,11.0,0.11766416701721027
16,planted,120005,detached_cut,4.0,0.46875,21.0,11.0,25.0625,0.0,0.0,0.0,11.0,0.04031970800133422
16,planted,120006,native,3.0,1.0,0.0,0.0,0.0,1.0,0.0,0.0,21.0,0.052269292005803436
16,planted,120006,clique,3.0,1.0,0.0,0.0,0.0,1.0,0.0,0.0,21.0,0.11868441698607057
16,planted,120006,detached_cut,3.0,0.15625,22.0,20.0,26.25,0.0,0.0,0.0,21.0,0.04025554202962667
16,planted,120007,native,6.0,1.0,0.0,0.0,0.0,1.0,0.0,0.0,20.0,0.051012084004469216
16,planted,120007,clique,6.0,1.0,0.0,0.0,0.0,1.0,0.0,0.0,20.0,0.11676891695242375
16,planted,120007,detached_cut,6.0,0.34375,22.0,20.0,24.0,0.0,0.0,0.0,20.0,0.03974795900285244
16,planted,120008,native,3.0,1.0,0.0,0.0,0.0,1.0,0.0,0.0,14.0,0.05207233299734071
16,planted,120008,clique,3.0,1.0,0.0,0.0,0.0,1.0,0.0,0.0,14.0,0.11715050000930205
16,planted,120008,detached_cut,3.0,0.25,26.0,14.0,26.5,0.0,0.0,0.0,14.0,0.03999454097356647
16,planted,120009,native,7.0,1.0,0.0,0.0,0.0,1.0,0.0,0.0,21.0,0.051139375020284206
16,planted,120009,clique,7.0,1.0,0.0,0.0,0.0,1.0,0.0,0.0,21.0,0.11801091697998345
16,planted,120009,detached_cut,7.0,0.28125,22.0,15.0,22.9375,0.0,0.0,0.0,21.0,0.03827329201158136
